name,phone
Jermaine Avery,1-724-780-3860
Buffy Shelton,(491) 974-2620
Zelenia Haney,1-866-480-4126
Berk Barnett,(537) 728-7302
Gavin Dorsey,1-938-888-2167
David Henson,1-352-818-2834
Walker Tillman,(264) 443-5831
Fiona Bowman,(414) 716-9137
Cedric Winters,1-232-245-9710
Chaney Ferguson,1-687-522-2308
Ferdinand Finch,(706) 492-9333
Adrian Solomon,(423) 255-6534
Hayes Holloway,1-614-811-4667
Xantha Logan,(644) 737-4457
Cameron Maynard,(802) 303-9233
Zoe Mendoza,(354) 471-9324
Urielle Merrill,(318) 483-2857
Abraham Dalton,(320) 330-9121
Vielka Bentley,1-891-356-3327
Lydia Villarreal,(155) 873-7594
Willow Weeks,1-864-176-4134
Honorato Gamble,(867) 334-9485
Chester Vega,1-916-650-5401
Sade Hebert,(838) 235-9345
Acton Townsend,(432) 745-4248
Daquan Tyler,(748) 827-3847
Portia Lott,1-521-358-9052
Cathleen Blair,1-812-148-2487
Carol Faulkner,(960) 315-3222
Chandler Spears,(331) 521-3425
Vivien Hunt,(517) 633-0127
Lionel Reed,(321) 189-4189
Rae Pierce,(633) 757-7148
Charde Robbins,(798) 462-8576
Tatiana Cruz,(880) 567-6438
Kuame Haynes,1-326-741-9782
Reese Sanford,1-677-542-9845
Chancellor Mclaughlin,(361) 582-5993
Mira Adams,(307) 455-3072
Rhea Cervantes,1-225-394-1362
Althea Gordon,(242) 875-8684
Louis Golden,1-382-203-7193
Steven Bradshaw,1-106-511-7845
Curran Berg,(244) 538-9487
Calvin Daniel,1-441-623-3389
Xandra Wells,(385) 946-5811
Malcolm Brock,1-661-154-8288
Berk Bright,(131) 888-1853
Neil Powers,(450) 231-4471
Myra Townsend,(117) 266-2923
Shelley Boyer,1-517-243-6944
Pandora Heath,(855) 898-1641
Olympia Casey,(780) 502-0532
Kato Sparks,(441) 736-1642
Quintessa Benjamin,1-876-137-6671
Scarlett Duffy,1-137-474-3565
Colt Carlson,1-736-751-8706
Brynn Coleman,(841) 451-7849
Kelsey Mcdowell,(948) 644-4472
Vera Foreman,1-325-770-3624
Jonah Garner,(882) 687-8411
Nathan Chase,1-320-843-5871
Scarlet Langley,(223) 965-3846
Dominic Daniels,1-798-830-4259
Zachary Washington,(193) 411-9708
Ocean Terrell,(188) 453-5887
Forrest Herrera,1-521-267-2832
Calvin Schultz,(455) 474-3877
Ivor Butler,1-741-685-5774
Ainsley Griffin,(585) 694-1778
Yoshio Griffith,1-833-317-6372
Tyrone Hancock,1-563-437-6254
Vladimir Cooke,(689) 315-7765
Adena Olson,(326) 433-4277
Carlos Lowery,(317) 448-8397
Yuli Harrington,1-547-782-9941
Keegan Shaffer,1-594-574-6852
Carson Mcfarland,(432) 894-1322
Alisa Hubbard,1-978-612-4392
Fleur Mccoy,(311) 677-7406
Quinn Garrison,(866) 428-0947
Lillith Wilkins,1-529-857-3526
Timon May,1-521-356-3562
Bethany Beard,1-372-880-7463
Kibo Le,1-772-544-6154
Ralph Sharp,1-741-814-3675
Cassidy Hale,(576) 274-6830
Janna Beasley,1-415-368-7213
Finn Dale,(571) 862-4671
Doris Armstrong,1-397-612-5165
Ezra Dunn,1-385-155-6228
Danielle Maynard,1-808-497-3896
Jack Maldonado,1-326-871-1703
Drake Mathews,(391) 868-5778
Caesar Thornton,1-482-728-8172
Shaine Mccoy,1-963-521-6346
Clementine Jefferson,1-191-480-9524
Igor Roach,1-888-116-7645
Lilah Marshall,1-450-576-3339
Rebecca Porter,(636) 741-6912
Kenneth Savage,1-866-562-0745
Grady Mercer,(444) 320-8482
Kirk Gardner,1-848-379-1895
Ocean Boyer,(298) 317-8290
Kathleen Cherry,(327) 649-6732
Bert Poole,1-814-727-8517
Imelda Espinoza,(202) 362-6399
Kamal Lindsay,1-166-717-6186
Raphael Franklin,1-452-673-1024
Lewis Mcneil,1-478-484-6313
Griffith Adkins,(270) 267-7685
Marshall Head,(291) 735-4373
Myles Watson,1-417-123-1484
Camden Mccall,1-536-367-1051
Sybil David,(157) 385-8955
Irma Jacobson,1-443-524-5841
Rae Dodson,1-217-543-6676
Lysandra Pittman,1-549-781-1555
Damian Britt,1-487-776-3273
Quinn Mcpherson,(866) 151-2297
Steven Stafford,1-876-814-7353
Ray Walsh,1-336-256-7068
Nell Williams,(688) 768-4187
Tanner Espinoza,(457) 288-1365
Tamara Ayala,1-233-353-5645
Debra Higgins,(466) 513-0320
Magee Everett,(743) 254-8811
Holly Howard,(198) 465-8198
Naomi Flowers,(531) 967-8139
Rebecca Tanner,1-733-731-1278
Nevada Hill,1-448-742-8323
Veronica Knowles,(488) 857-7146
Alana Howell,(825) 375-3666
Dominique Bird,1-746-765-2127
Peter Hughes,1-636-349-7527
Daria Beck,(722) 271-0575
Ria Gordon,1-365-343-2956
Tatyana Crane,1-655-953-0717
Maya Boyer,(357) 875-7450
Sacha Mendez,(448) 375-7460
Emily Schroeder,1-255-267-8870
Kenyon York,1-675-222-5811
Rhiannon Stout,1-570-417-6258
Leroy Patrick,(682) 347-3408
Brynn Allen,1-948-618-7817
Sage Downs,(988) 560-2620
Ruth Ochoa,(262) 538-1424
Mechelle Reese,1-829-300-2243
Nelle Salinas,(202) 418-6338
Fallon Ballard,(379) 444-8363
Laith Watts,1-855-184-4384
Hoyt Fulton,(607) 233-7626
Abigail Brewer,1-476-316-5748
Macaulay Patrick,1-638-739-3047
Cruz Sanford,(868) 842-3525
Jolene Dennis,1-616-120-9694
Bert Osborne,1-845-443-7261
Ulysses Ortega,1-755-962-5232
Jermaine Duran,(745) 259-6591
Melvin Leonard,(434) 895-6852
Clinton Murray,1-621-811-3584
Anika Brooks,1-352-744-2571
Lydia Cross,(413) 751-0177
Uriah Villarreal,(276) 478-0751
Briar Ramirez,(944) 140-9452
Xanthus Mcbride,1-627-115-5620
Rooney Valencia,(615) 821-2267
Chadwick Anderson,(867) 798-2444
TaShya Gibson,1-465-682-0152
Shad Horne,(473) 537-1165
Karyn Cash,(126) 128-5544
Sarah Velazquez,(280) 417-3672
Lucas Moran,(563) 911-5842
Briar Bryan,1-414-777-6710
Flynn Jennings,1-508-756-8155
Deborah Allison,(732) 784-6607
Lance Reid,1-404-414-8476
Gisela Jenkins,(337) 576-4685
Walker Roberts,(848) 711-1229
Summer Combs,1-887-674-2357
Levi Ashley,(715) 467-6659
Tanya Vasquez,1-285-112-6389
Moana Rogers,1-446-650-7672
Jacqueline Woodard,1-232-418-2295
Chaney Gould,1-670-810-8568
Quentin Wooten,(433) 815-0913
Natalie Morales,(230) 628-7357
Nigel Langley,1-172-771-5738
Lacy Rocha,1-658-945-1186
Solomon Drake,(517) 939-4395
Hilel Vance,1-387-832-1288
Caldwell Marks,1-643-740-4837
Jamalia Jackson,(677) 558-3557
Carolyn Bradshaw,(906) 384-8982
Cain Holman,(821) 952-9712
Carter Farmer,1-737-718-4665
Sylvia Schultz,1-732-462-3004
Raja Parker,(715) 966-7456
Garth Vazquez,1-883-559-5873
Shoshana Miller,1-767-746-3685
Kadeem Lloyd,(794) 712-2556
Zelda Buck,1-815-270-4174
Cameran Holder,(633) 702-8367
Odysseus Tyson,(800) 651-7212
Elton Burris,(376) 770-2133
Althea Burt,1-608-341-7883
Raven Blair,1-984-456-6515
Stewart Park,1-721-705-4859
Maia Rowe,1-947-865-6651
Shelby Cummings,1-591-604-3622
Eaton Mclean,(655) 726-6347
Driscoll Huff,1-424-244-2665
Dawn Drake,1-884-228-6536
Chiquita Massey,1-616-294-1748
Julian Pena,1-255-625-8039
Quamar Prince,(461) 576-7796
Audra Hensley,(444) 532-1206
Brady Orr,1-456-516-8131
Kessie Payne,1-174-285-8170
Shana Pena,(595) 459-0761
Aiko Suarez,(634) 888-7026
Jeanette Wong,1-873-236-4889
Eleanor Knapp,1-779-589-4150
Malcolm Contreras,1-535-955-8077
Macey Fischer,(476) 346-5654
Todd Lester,(452) 707-2890
Zane Sawyer,(896) 658-6277
Leonard Merrill,(458) 554-2668
Tanek Griffin,(361) 166-2830
Evelyn Cain,(360) 738-1367
Lacey Farmer,(764) 317-5376
Lucian Brady,(155) 544-1367
Lael Pruitt,1-443-116-1535
Basil West,1-614-743-2334
Yasir Logan,(647) 952-6618
Liberty Barron,1-808-160-5736
Hayden Martinez,(831) 399-4732
Peter Finch,1-461-966-1733
Kelly Macdonald,1-760-386-0173
Lee Conner,(518) 673-3321
Beverly Pruitt,(322) 678-2498
Yardley Roberson,(783) 243-6067
Blythe Donovan,1-787-866-6398
Valentine Best,1-545-731-0871
Fritz Ross,(738) 906-2982
Mollie Peterson,1-763-869-1531
Christine Mathis,1-278-830-6273
Olympia Hudson,(559) 974-5367
Allistair Taylor,(978) 476-8424
Drake Chandler,(543) 608-3457
Patience Calhoun,(426) 103-2774
Blake Gallegos,1-435-332-7562
Philip Richardson,(318) 634-1343
Debra Peck,(241) 938-1358
Armand Delgado,(783) 656-4935
John Murray,(120) 825-4765
Indira Sargent,1-274-621-6472
Zachery Kirk,1-859-406-8289
Linus Gaines,(629) 264-8724
Raymond Diaz,(185) 735-3845
Dean Weeks,(452) 565-3963
Carolyn Oneil,(511) 373-3284
Selma Hudson,(730) 226-3173
Hope Hartman,(795) 818-3168
Macey Mcdaniel,(602) 481-4908
September Henson,(656) 452-8686
Charity White,(132) 355-6115
Kane Durham,1-533-159-7323
Frances Woodard,(757) 672-1042
Malachi Townsend,1-472-666-3071
Kiayada Watts,1-399-566-9817
Reese Park,(502) 826-1685
Benedict Murphy,1-465-871-7219
Jocelyn Mills,1-496-612-7649
Hanna Mclaughlin,(306) 827-6420
Ariana Gallegos,1-255-476-4233
Perry Cooke,1-757-514-3227
Amanda Robles,(743) 247-3566
Tanek Dotson,1-784-248-5579
Flynn Horton,(913) 588-4946
Malik Steele,1-657-841-7575
Hiroko Gould,(322) 109-1183
Ulysses Henry,1-953-817-6284
Tanner Burks,(825) 612-1080
Hillary Clay,(304) 897-7763
Blaze Hansen,(125) 323-2228
Renee Parks,(584) 638-7423
Honorato Sykes,1-676-293-4713
Brynn Brady,(776) 463-5876
Garrett Francis,1-515-801-5273
Kadeem Lawrence,1-818-331-7172
Avram Duke,1-212-231-5627
Rajah Watkins,(242) 312-2651
Jerome Turner,1-518-516-6563
Ruth Bowen,(461) 341-7560
Althea Little,(212) 214-0731
Paki Shepherd,1-287-974-0281
Acton Cunningham,1-587-801-6268
Zeus Hahn,(223) 307-1386
Maxwell Jenkins,(931) 182-0494
